text,label
"Обстріл Харкова з РСЗВ – пошкоджено інфраструктуру",attack
"Колона танків РФ помічена на трасі біля Сватового",movement
"Україна знищила власну інфраструктуру, щоб звинуватити росію",disinfo
"Сьогодні сонячно, гарна погода для прогулянки",neutral
"Повідомляють про нові удари по енергетичній інфраструктурі",attack
"Ворожа техніка рухається в напрямку Бахмута",movement
"Росія рятує українців від нацизму",disinfo
"Вітаємо всіх з Новим роком!",neutral
"Пошкоджено підстанцію внаслідок нічної атаки дронами",attack
"ЗСУ помітили переміщення техніки в районі Кремінної",movement
"Західні медіа замовчують правду про Донбас",disinfo
"Працює кафе біля парку, приємна атмосфера",neutral
"Ворог готується до наступу на північному напрямку",attack
"Підрозділи переміщуються до кордону для ротації",movement
"Поширюють фейк про атаку на цивільні об’єкти",disinfo
"Сьогодні гарна погода, всі в доброму настрої",neutral
"Планується штурм позицій завтра вночі",attack
"Техніка рухається в бік фронту",movement
"Новини повідомляють неправду про наші втрати",disinfo
"Команда готується до звичайного тренування",neutral
"Закликають атакувати мирні міста",attack
"Група вирушила на нову локацію",movement
"Окупанти відкрили вогонь по житлових кварталах у Костянтинівці",attack
"Дрони-камікадзе атакували об’єкти в Київській області",attack
"Зафіксовано артилерійський обстріл інфраструктури у Нікополі",attack
"Противник завдав ракетного удару по складу пального",attack
"Триває масована атака по південному напрямку",attack
"Військові колони помічені біля Сіверська",movement
"Техніка залишає позиції в районі Лимана",movement
"Переміщення ворожих БМП фіксується поблизу Куп’янська",movement
"Колона бронетехніки рухається в напрямку Запоріжжя",movement
"Сили противника передислокуються на східному фронті",movement
"Українські військові самі обстрілюють цивільне населення",disinfo
"Відео з нібито атакою ЗСУ виявилось постановкою",disinfo
"Українська влада вигадає перемоги, щоб отримати допомогу",disinfo
"Війна вигідна Києву для утримання влади",disinfo
"НАТО керує діями української армії напряму",disinfo
"На вихідних планується фестиваль мистецтв",neutral
"Місцевий ринок сьогодні працює до 18:00",neutral
"У бібліотеці з’явились нові книжки",neutral
"Школярі повернулися до навчання після канікул",neutral
"У місті запустили нову лінію громадського транспорту",neutral
"У Дніпрі відкрилася нова фотовиставка просто неба",neutral
"Росія використовує гуманітарну допомогу для шпигунства",disinfo
"Тривають вибухи в районі Покровська після ракетного удару",attack
"Військова техніка РФ просувається в бік Авдіївки",movement
"Завтра в Києві відбудеться концерт класичної музики",neutral
"Ракети поцілили у промислову зону Запоріжжя",attack
"На заході країни триває звичайне навчання резервістів",neutral
"Підрозділи ЗСУ помітили активність ворожих дронів у тилу",movement
"Є докази, що США навмисно затягують війну",disinfo
"Повідомляють про потужну атаку дронів у Миколаєві",attack
"Росія направляє війська для миротворчої місії",disinfo
"Колона вантажівок із боєприпасами вирушила з Бєлгорода",movement
"У Харкові відкрився новий центр волонтерської допомоги",neutral
"Фейки про успіхи ЗСУ розганяють для підтримки настроїв",disinfo
"Українські дрони вразили склади пального ворога",attack
"Ворожа піхота просувається вздовж траси Т0504",movement
"Сьогодні в центрі міста проводять вуличний ярмарок",neutral
"Українці самі знищують енергетику, щоб звинуватити РФ",disinfo
"ЗСУ зафіксували ротацію ворожих частин під Токмаком",movement
"Удар ракетою зруйнував будівлю складу поблизу Краматорська",attack
"Ракетний обстріл зруйнував склад гуманітарної допомоги у Краматорську",attack
"Війська противника переправляються через Сіверський Донець",movement
"Російські ЗМІ стверджують, що ЗСУ підривають власні мости",disinfo
"Місцева бібліотека проводить літній читацький клуб",neutral
"Фіксується пересування техніки біля Нової Каховки",movement
"На півдні зафіксовано атаку дронами-камікадзе по інфраструктурі",attack
"Прокремлівські джерела заявляють про вигадані біолабораторії в Україні",disinfo
"У центрі міста встановили нові лавки та ліхтарі",neutral
"ЗСУ зупинили наступ ворога на лінії зіткнення",attack
"Колона бронетранспортерів рухається на захід",movement
"На вихідних прогнозують дощі та грози",neutral
"Росіяни звинувачують ЗСУ у використанні забороненої зброї без доказів",disinfo
"ЗСУ завдали удару по командному пункту ворога",attack
"Спостерігається ротація особового складу на південному напрямку",movement
"У школі стартувала програма профорієнтації для підлітків",neutral
"Фейкове відео нібито з полону українських військових поширюють у соцмережах",disinfo
"Підрозділи просуваються через ліси біля Кремінної",movement
"Сили оборони знищили артилерійську батарею противника",attack
"Російські канали називають окупацію 'визволенням'",disinfo
"У місті відкрили виставку українського живопису",neutral
"Удар дронів пошкодив критичну інфраструктуру на Одещині",attack
"Техніка супротивника просувається через промзону Бахмута",movement
"Російські ЗМІ повідомляють, що ЗСУ планували 'знищення мирного населення'",disinfo
"У бібліотеці стартував книжковий марафон для молоді",neutral
"Колона з танками помічена на підходах до Куп’янська",movement
"Артилерія вразила об'єкти поблизу лінії фронту",attack
"Українська влада використовує конфлікт для власного піару",disinfo
"Цими вихідними у центрі проходитиме фестиваль вуличної їжі",neutral
"Дрони-камікадзе атакували нафтобазу в північному регіоні",attack
"Поблизу Лисичанська спостерігається переміщення техніки",movement
"На центральній площі відбулась виставка дитячих малюнків",neutral
"Фейкові відео з 'добровільною капітуляцією' українських солдатів ширяться в мережі",disinfo
"ЗСУ завдали точкового удару по складу боєприпасів противника",attack
"Ротація особового складу зафіксована в районі Запоріжжя",movement
"Науковий центр організував лекцію про космос",neutral
"Росія звинувачує Україну в обстрілах без підтверджень",disinfo
"Ракетний обстріл пошкодив об'єкти енергетики у Львівській області",attack
"Сили РФ передислокуються через переправу на Сіверському Донці",movement
"Відкрилась виставка до 150-річчя міського музею",neutral
"З'явилися нові фейки про евакуацію нібито 'російського населення'",disinfo
"Авіаудар пошкодив військову інфраструктуру поблизу фронту",attack
"Танкова колона рухається в напрямку Слов’янська",movement
"У місцевому парку висадили нові дерева",neutral
"ЗМІ поширюють неправдиві заяви про 'втрати ЗСУ в тисячах щодня'",disinfo
"ЗСУ завдали удару по ворожій артилерійській установці",attack
"Підрозділи ЗСУ висунулись до передових позицій",movement
"Університет організовує День відкритих дверей",neutral
"Десантно-штурмові підрозділи ворога висадились на прифронтовій ділянці",movement
"Росія заявляє, що вторгнення було 'превентивним заходом'",disinfo
"На околицях міста прогриміли вибухи в результаті масованої атаки",attack
"Дрони вразили об'єкти енергетики в Черкаській області",attack
"Росія просуває техніку в напрямку Торецька",movement
"ЗСУ самі руйнують мости, щоб звинуватити ворога",disinfo
"У місті відкрили нову кав’ярню з живою музикою",neutral
"Ракетний обстріл зруйнував житловий будинок у Павлограді",attack
"Піхотні підрозділи переміщуються з боку Лимана",movement
"Росія визволяє території від 'української окупації'",disinfo
"Місцева школа провела конкурс малюнків",neutral
"ЗСУ здійснили удар по складу боєприпасів на сході",attack
"Колона техніки рухається в бік Попасної",movement
"Російські медіа стверджують, що війна — це 'визволення'",disinfo
"На центральній площі відбувся концерт симфонічного оркестру",neutral
"Удар дронів пошкодив трансформаторну підстанцію",attack
"Ротаційне переміщення особового складу ЗСУ фіксується під Гуляйполем",movement
"ЗМІ приховують 'істину' про Донбас, яку знає лише Росія",disinfo
"У місті відкрилась виставка картин місцевих художників",neutral
"Обстріли пошкодили газогін поблизу Красногорівки",attack
"Противник перегруповується в напрямку Соледара",movement
"Україна сама винна у конфлікті, вважає російська пропаганда",disinfo
"На вихідних працюватиме мобільна медична клініка",neutral
"Ворожа артилерія вразила об'єкти поблизу Сіверська",attack
"Колона вантажівок з боєприпасами виїхала з Донецька",movement
"Фейки про 'геноцид' в Донбасі поширюються через соцмережі",disinfo
"Центр міста прикрасили до свята Івана Купала",neutral
"Повідомляють про масовану атаку на об'єкти ППО",attack
"Бронетехніка переміщується у напрямку Курахового",movement
"ЗСУ навмисно атакують цивільну інфраструктуру — заявляє РФ",disinfo
"Організовано дитячий табір з активними іграми",neutral
"Вибухи пролунали в районі Південного вокзалу",attack
"Підрозділи ЗСУ змінили розташування поблизу Дружківки",movement
"НАТО змушує Україну вести війну — заявляють пропагандисти",disinfo
"У бібліотеці проводять марафон настільних ігор",neutral
"Артилерійський обстріл зруйнував житлові будинки у Нікополі",attack
"Фіксується рух ворожої техніки поблизу Золотого",movement
"Українська влада приховує справжні втрати — поширюють у росЗМІ",disinfo
"Місцева громада проводить благодійний ярмарок",neutral
"Дрон-камікадзе влучив у об'єкт нафтопереробки",attack
"Піхота просувається вздовж шосе поблизу Бахмута",movement
"ЗСУ діють під командуванням іноземних радників — фейк з росЗМІ",disinfo
"Клуб організував відкриту лекцію з мистецтва",neutral
"Пошкоджено електропідстанцію внаслідок ракетної атаки",attack
"Російська техніка заходить на північні околиці Торецька",movement
"ЗМІ замовчують 'визвольну' місію Росії — заявляють пропагандисти",disinfo
"У школі стартував тиждень науки",neutral
"Масований обстріл зафіксовано у районі Дніпра",attack
"Ворожі БТРи помічені на трасі біля Часового Яру",movement
"РФ заявляє про співпрацю з місцевими жителями — ще одна дезінформація",disinfo
"Відбувся турнір з шахів серед молоді",neutral
"ЗСУ завдали удару по складу з боєприпасами в районі Лисичанська",attack
"Російські війська переміщуються в бік Сватового",movement
"Пропагандисти стверджують, що ЗСУ використовують хімічну зброю",disinfo
"У місті відкрили новий спортивний комплекс",neutral
"Дрони атакували об'єкти енергетики в Одеській області",attack
"Ворожа техніка рухається в бік Авдіївки",movement
"Російські ЗМІ поширюють фейки про 'звірства' українських військових",disinfo
"У парку відбувся фестиваль вуличної їжі",neutral
"ЗСУ знищили ворожу артилерійську батарею",attack
"Колона техніки помічена на підходах до Сєвєродонецька",movement
"Російські канали стверджують, що ЗСУ нібито 'знищують власні міста'",disinfo
"У місті відкрилася виставка сучасного мистецтва",neutral
"Ракетний обстріл пошкодив об'єкти інфраструктури в Харкові",attack
"Підрозділи ЗСУ переміщуються в районі Лиману",movement
"Російські ЗМІ стверджують, що війна — це 'боротьба з нацизмом'",disinfo
"У бібліотеці стартував курс з історії мистецтв",neutral
"Ракета поцілила в об’єкт критичної інфраструктури в Дніпрі",attack
"Танкові підрозділи переміщуються в напрямку Мар’їнки",movement
"Росія стверджує, що Україна планує застосувати ядерну зброю",disinfo
"У місті відкрили новий центр реабілітації для ветеранів",neutral
"Артилерія ворога обстріляла індустріальну зону Харкова",attack
"Фіксується переміщення особового складу в районі Сватового",movement
"ЗСУ нібито отримують прямі вказівки від ЦРУ — фейк росЗМІ",disinfo
"У парку з’явилися нові ігрові майданчики для дітей",neutral
"Безпілотники вразили склад боєприпасів у тилу противника",attack
"Колона вантажівок із технікою вирушила в бік Оріхова",movement
"ЗМІ Росії поширюють історії про 'добровільне об’єднання з РФ'",disinfo
"Центр зайнятості проводить тренінги з написання резюме",neutral
"Потужна ракета зруйнувала об’єкти ППО під Краматорськом",attack
"Техніка передислоковується з Бєлгорода у напрямку кордону",movement
"Росія звинувачує Україну в розробці біологічної зброї — без доказів",disinfo
"У школі провели День здоров’я з активними іграми",neutral
"Атака з повітря пошкодила об'єкти енергетики на сході",attack
"Колона БМП пересувається лісосмугою біля Кремінної",movement
"У західних областях приховують інформацію про призов — фейк",disinfo
"У місті відкрився новий кінотеатр з українським дубляжем",neutral
"Російська ракета влучила у цивільний об’єкт у Миколаєві",attack
"Війська переміщуються ближче до передової в районі Авдіївки",movement
"РосЗМІ просувають тезу про нібито 'підпільні тюрми ЗСУ'",disinfo
"У місті відбувся благодійний концерт на підтримку переселенців",neutral
"Масований обстріл зруйнував інфраструктуру на Харківщині",attack
"Техніка вирушає з тилових позицій до переднього краю",movement
"Українські біженці повертаються через погані умови в ЄС — фейк",disinfo
"Організовано курс з цифрової грамотності для пенсіонерів",neutral
"Вночі атаковано об'єкти логістики в районі Павлограду",attack
"Колона бронетранспортерів вирушила в напрямку Бахмута",movement
"Росія заявляє, що захищає культурну спадщину Донбасу — маніпуляція",disinfo
"На вихідних відкриється новий спортивний майданчик",neutral
"Дрони вразили склади пального під Мелітополем",attack
"ЗСУ фіксують активність ворожих БПЛА в південному напрямку",movement
"РФ поширює фейк, що Україна продає західну зброю на чорному ринку",disinfo
"У бібліотеці відбувся майстер-клас з каліграфії",neutral
"Артудар пошкодив об’єкти логістики поблизу прифронтової зони",attack
"Підрозділи ворога змінили розташування під Торецьком",movement
"ЗСУ самі атакують власні позиції — ще один фейк з Телеграм-каналів",disinfo
"Місцева громада провела толоку з озеленення вулиць",neutral
"Ракетний удар знищив об’єкти зв’язку поблизу лінії фронту",attack
"Спостерігається рух колони танків на північному напрямку",movement
"ЗМІ приховують наслідки 'успішної спецоперації' Росії — фейкова нарація",disinfo
"У центрі міста відкрилася нова кав’ярня з кавою на пісні",neutral
"Пошкоджено електромережу внаслідок удару дронами",attack
"Колона БМП з’явилась поблизу населеного пункту Вугледар",movement
"Пропаганда РФ просуває тезу про 'звільнення від фашизму'",disinfo
"У музеї проводять виставку української кераміки",neutral
"Вибухи пролунали в районі залізничного вокзалу",attack
"Ворожі війська переміщуються в бік Сєвєродонецька",movement
"Російські ЗМІ стверджують, що ЗСУ нібито 'знищують власні міста'",disinfo
"У місті відбувся фестиваль вуличної музики",neutral
"Ракетний удар влучив у об'єкти критичної інфраструктури під Полтавою",attack
"Колона ворожої техніки просувається через ліс у напрямку Кремінної",movement
"Росія звинувачує ЗСУ в обстрілах власних позицій — чергова дезінформація",disinfo
"У місті відкрилася нова дитяча бібліотека",neutral
"Ворог завдав авіаудару по військовому об'єкту в Миколаївській області",attack
"Військові підрозділи здійснили передислокацію в районі Запоріжжя",movement
"Україна використовує мирних жителів як 'живий щит' — поширюють російські джерела",disinfo
"Сьогодні пройшов благодійний велопробіг",neutral
"Дрон атакував склад боєприпасів у тиловому районі",attack
"Підрозділи противника рухаються з північного напрямку",movement
"Фейки про утиски російськомовних громадян в Україні ширяться в Telegram",disinfo
"Відкрилась експозиція присвячена традиційному українському одягу",neutral
"Артилерія РФ обстріляла населені пункти на правому березі Дніпра",attack
"Ворожі сили перекидають техніку залізничним сполученням",movement
"Росія заявляє про 'звільнення' окупованих територій від корупції",disinfo
"Молодіжний центр організував серію тренінгів з лідерства",neutral
"Ракета поцілила в об’єкти водопостачання на сході",attack
"БМП просуваються вздовж залізничної лінії біля Авдіївки",movement
"Російські канали показують постановочні відео з 'врятованими' дітьми",disinfo
"На фестивалі просто неба виступили місцеві музичні гурти",neutral
"Унаслідок обстрілу пошкоджено газопровід у Харківській області",attack
"Спостерігається активність ворожої розвідки під Токмаком",movement
"ЗМІ РФ поширюють неправдиву карту територій, контрольованих Україною",disinfo
"У школі відбувся конкурс з програмування серед учнів",neutral
"Повітряний удар уразив склад техніки поблизу фронту",attack
"Фіксується передислокація сил ворога в районі Костянтинівки",movement
"Прокремлівські блогери стверджують, що 'Україна перестала існувати як держава'",disinfo
"Парк у центрі міста повністю реконструйовано",neutral
"Дрон-камікадзе завдав удару по нафтобазі у тилу ворога",attack
"Колона танків висунулася з району Луганська",movement
"РосЗМІ заявляють, що українці масово підтримують 'референдуми' — маніпуляція",disinfo
"Вихідними пройде книжковий ярмарок на головній площі",neutral
"Обстріли завдали шкоди інфраструктурі поблизу Слов’янська",attack
"У передмісті Донецька зафіксовано рух бронетранспортерів",movement
"Фейкові листівки з фейковими наказами розповсюджуються на окупованих територіях",disinfo
"У районі театру встановили інсталяцію до Дня Конституції",neutral
"Ракетна атака поцілила у виробничі потужності на півдні",attack
"Ворожі сили перекидають інженерну техніку до Лимана",movement
"Пропагандистські канали поширюють міфи про 'геноцид росіян'",disinfo
"У місті встановили новий пам’ятник українським поетам",neutral
"Дрони завдали удару по складах пального в тилу супротивника",attack
"Переміщення особового складу противника фіксується на північному заході",movement
"Росія стверджує, що воює не з Україною, а з НАТО — чергова маніпуляція",disinfo
"У літньому таборі стартували спортивні змагання",neutral
"Ракета влучила в об'єкти транспорту в Кривому Розі",attack
"Колона вантажівок залишає прифронтову зону",movement
"Фейкове відео з 'зізнаннями' українських полонених з’явилося в мережі",disinfo
"У центрі міста пройшла виставка скульптур просто неба",neutral
"Ракетний обстріл зруйнував трансформаторну підстанцію у Чернігові",attack
"Війська РФ перекидають техніку до Лиманського напрямку",movement
"РосЗМІ поширюють фейк про капітуляцію українських підрозділів",disinfo
"У місті відкрився центр вивчення іноземних мов",neutral
"Артилерійські удари спричинили пожежу на промисловому об'єкті",attack
"Колона БМП вирушила з району Токмака в східному напрямку",movement
"Росія просуває тезу, що 'Україна втратила незалежність'",disinfo
"На вихідних відбудеться свято меду в центрі міста",neutral
"Дрон влучив у пункт управління військами ворога",attack
"Фіксується переміщення противника в бік Сіверська",movement
"РФ звинувачує Україну в обстрілі дитсадка без доказів",disinfo
"У бібліотеці організували вечір української поезії",neutral
"Повітряна атака пошкодила об'єкти ППО на півдні",attack
"Перекидання техніки відбувається залізничним шляхом через Брянськ",movement
"Пропаганда РФ поширює тезу про 'втрату суб'єктності' України",disinfo
"У місті розпочали фестиваль вуличної кухні",neutral
"Під час нічної атаки зруйновано енергетичний вузол",attack
"Колона вантажівок із боєприпасами рухається до Лисичанська",movement
"Росія просуває фейк про 'етнічну чистку' в Україні",disinfo
"У школі проводять тиждень інформатики",neutral
"Унаслідок обстрілу постраждала транспортна інфраструктура",attack
"Піхота РФ просувається в напрямку селища Ямпіль",movement
"Російські джерела вигадують історії про біолабораторії",disinfo
"Парк прикрасили до Дня міста",neutral
"Дрон-камікадзе уразив об'єкт зв'язку у тилу",attack
"Підрозділи переміщуються ближче до лінії фронту",movement
"ЗСУ використовують 'чорну магію' — стверджують прокремлівські Telegram-канали",disinfo
"На фестивалі в місті виступили молоді гурти",neutral
"У результаті обстрілу зруйновано промислові об'єкти в Краматорську",attack
"Бронетехніка противника помічена на північ від Бахмута",movement
"Фейкова новина про заборону української мови поширюється серед росЗМІ",disinfo
"Місцева громада організувала толоку в парку",neutral
"Пошкодження критичної інфраструктури спричинило перебої з водопостачанням",attack
"Техніка РФ об'їжджає блокпости в напрямку Сватового",movement
"ЗСУ нібито планують 'знищити' своє населення — дезінформація",disinfo
"У музеї відкрито нову виставку археології",neutral
"Масована атака дронами вразила енергетичні об'єкти у Дніпрі",attack
"Ворожі сили перекидають резерви на південному фронті",movement
"Росія звинувачує Захід у керуванні українським урядом",disinfo
"Проведено турнір зі стрітболу серед старшокласників",neutral
"Після удару по складу боєприпасів чути вибухи протягом години",attack
"Колона з САУ рухається через прифронтову зону",movement
"Пропагандисти заявляють, що українці відмовляються від оборони",disinfo
"У міському центрі стартували безплатні курси для молоді",neutral
"Нічна атака пошкодила склад пального",attack
"ЗСУ фіксують переміщення техніки через тимчасовий міст",movement
"Вигадана історія про добровільну здачу українських міст шириться соцмережами",disinfo
"На площі відбувся ярмарок виробів ручної роботи",neutral
"Авіаудар влучив у комунікаційний вузол під Торецьком",attack
"Ворог перекидає сили морським шляхом із Криму",movement
"Фейкові документи із 'заявами на капітуляцію' публікують російські Telegram-канали",disinfo
"У будинку культури організували фестиваль шкільних театрів",neutral
"У результаті атаки виведено з ладу систему електропостачання",attack
"Ворожі колони з’являються в районі Новомихайлівки",movement
"Росія заявляє, що звільняє українців від 'режиму' — чергова маніпуляція",disinfo
"У міському парку відбуваються уроки йоги просто неба",neutral
"Серія вибухів пройшла по об'єктах інфраструктури на півночі",attack
"Фіксується масове переміщення особового складу під Лиманом",movement
"Прокремлівські джерела поширюють фейк про масову мобілізацію дітей",disinfo
"Відкрито нову експозицію у виставковому центрі",neutral
"Удар дронів пошкодив об'єкти нафтопереробки у Полтавській області",attack
"Техніка РФ рухається в напрямку Слов’янська",movement
"Російські медіа звинувачують Україну у створенні військових біолабораторій",disinfo
"У місті відкрили нову майстерню гончарства",neutral
"Ворожа ракета влучила у підстанцію у Херсонській області",attack
"Бронетехніка передислокована з району Кадіївки",movement
"Telegram-канали публікують фейки про 'визнання Криму'",disinfo
"У школі відкрили STEM-лабораторію для учнів",neutral
"Після атаки на склад боєприпасів кілька годин тривали вибухи",attack
"Спостерігається рух особового складу на південному напрямку",movement
"РосЗМІ заявляють, що українські міста згодні на окупацію",disinfo
"У центрі міста встановлено новий громадський фонтан",neutral
"Артилерійський обстріл пошкодив логістичні об'єкти у Запоріжжі",attack
"Колона вантажівок із боєприпасами прибула до Луганська",movement
"Пропагандисти поширюють фото, підписані як 'звільнення від нацизму'",disinfo
"На вихідних відкриється новий спортивний зал",neutral
"Ракета поцілила в інфраструктуру водопостачання",attack
"Техніка вирушила з тилового району на схід",movement
"ЗСУ нібито обстрілюють власні позиції — черговий фейк",disinfo
"У сільському клубі відбувся вечір української пісні",neutral
"Масована атака дронами пошкодила енергооб’єкти у Київській області",attack
"Переміщення військ супроводжується інженерною підтримкою",movement
"Росіяни заявляють, що ЗСУ вбивають власних мирних жителів",disinfo
"У музеї відкрили експозицію про історію писанки",neutral
"Повітряний удар зруйнував інфраструктуру під Бахмутом",attack
"Колона бронетранспортерів просувається в районі Красногорівки",movement
"РФ просуває тезу про 'штучну державу' Україну",disinfo
"У громади відкрився центр психологічної допомоги",neutral
"Удар ракетою знищив об'єкти зв’язку поблизу фронту",attack
"Особовий склад ЗС РФ фіксується біля Рубіжного",movement
"Поширюється фейк про те, що Україна відмовилася від ЗСУ",disinfo
"У бібліотеці стартувала літня програма читання",neutral
"Дрон з боєприпасами влучив у залізничний вузол",attack
"Перекидання техніки відбувається переважно в нічний час",movement
"Російські джерела поширюють фейкові кадри 'параду в Маріуполі'",disinfo
"Центр молоді проводить безкоштовні курси з фото-мистецтва",neutral
"У результаті атаки постраждали об'єкти критичної інфраструктури",attack
"БТРи помічені в лісосмузі біля Курахового",movement
"ЗМІ РФ заявляють, що ЗСУ планує 'атаку на Росію'",disinfo
"У дворі школи збудували новий дитячий майданчик",neutral
"Ракета пошкодила склад військового забезпечення під Авдіївкою",attack
"Фіксується ротація частин у прифронтових районах",movement
"Telegram-канали поширюють фейки про 'референдуми за приєднання'",disinfo
"У місті відкрився літній кінотеатр під відкритим небом",neutral
"Артобстріл знищив кілька логістичних маршрутів",attack
"Колона вантажівок із паливом прямує через Старобільськ",movement
"Прокремлівські акаунти просувають брехливі свідчення 'дезертирів'",disinfo
"У Палаці культури відкрито фотовиставку про Карпати",neutral
"Вибухи пролунали на об’єктах транспорту вночі",attack
"ЗСУ фіксують рух ворожих підрозділів через річку",movement
"Кремлівські канали повідомляють про 'масову втечу' українських військових",disinfo
"У зоопарку народилися нові тварини — запрошують на екскурсію",neutral
"Ворожа артилерія вдарила по складу гуманітарної допомоги",attack
"ЗС РФ перегруповуються на напрямку Новоайдару",movement
"Telegram-канали поширюють відео з акторськими 'зізнаннями полонених'",disinfo
"У крамниці з’явилася серія книжок про традиції регіону",neutral
"Дрон знищив технічний вузол поблизу фронту",attack
"Ротація особового складу спостерігається в районі Вугледара",movement
"РФ поширює твердження, що Україна 'не хоче миру'",disinfo
"На фестивалі майстрів представили роботи з усієї області",neutral
"Повітряна атака вивела з ладу трансформаторну станцію",attack
"БТРи ворога зафіксовано в полі біля Соледара",movement
"Канали РФ публікують вигадані 'мирні ініціативи України'",disinfo
"На центральній вулиці відновили освітлення",neutral
"Ракетний удар спричинив пожежу на складі боєприпасів",attack
"Танкові підрозділи ворога просуваються на захід",movement
"Пропаганда поширює інформацію про 'відмову України від дипломатії'",disinfo
"У парку з’явились нові альтанки та ліхтарі",neutral
"Ракетний удар знищив енергетичні об'єкти поблизу Кременчука",attack
"Колона техніки РФ прямує в напрямку Куп’янська",movement
"Пропагандисти стверджують, що ЗСУ ведуть війну проти християнства",disinfo
"У школі проходить олімпіада з математики",neutral
"Повітряна атака пошкодила залізничну інфраструктуру",attack
"Бронетехніка супротивника зосереджується поблизу Ізюма",movement
"РосЗМІ заявляють, що Україна вела агресію першою",disinfo
"На центральній вулиці відбулась виставка квітів",neutral
"Артилерійський обстріл зруйнував логістичний центр",attack
"ЗСУ фіксують перегрупування ворога поблизу Соледара",movement
"Телеграм-канали поширюють відео з нібито 'масовими зрадниками' серед ЗСУ",disinfo
"Місцева бібліотека організувала клуб настільних ігор",neutral
"Ракетна атака вразила об'єкти водопостачання",attack
"Ворог переміщує мобільні ППО у напрямку Запоріжжя",movement
"Кремлівські ЗМІ поширюють фейки про 'етнічну дискримінацію'",disinfo
"У парку встановили арт-об’єкти для фестивалю",neutral
"Дрон знищив систему спостереження противника",attack
"Колона БМП з’явилась на трасі поблизу Торецька",movement
"ЗСУ називають 'маріонетками Заходу' — поширена дезінформація",disinfo
"У місті проводиться відкритий турнір із шахів",neutral
"Масований обстріл пошкодив електростанцію під Хмельницьким",attack
"Перекидання військ фіксується залізницею з Бєлгорода",movement
"Пропагандисти поширюють фейк про спалення церков ЗСУ",disinfo
"На майданчику триває ремонт дитячих атракціонів",neutral
"Артилерія поцілила у військові склади на фронті",attack
"Російські підрозділи висуваються з-під Новоайдару",movement
"Telegram-канали публікують фальшиві фото українських злочинів",disinfo
"У школі відбулась лекція з основ медіаграмотності",neutral
"Дрони атакували паливний склад у тилу",attack
"Ворожа техніка зосереджена в полі біля Слов’янська",movement
"Кремль стверджує, що війна — відповідь на 'тероризм України'",disinfo
"Відкрився новий артпростір для молоді",neutral
"У результаті обстрілу знеструмлено кілька населених пунктів",attack
"Танки РФ виїхали з району Алчевська",movement
"ЗМІ поширюють міф про 'нелегітимність' президента України",disinfo
"У міському музеї з’явилась інтерактивна експозиція",neutral
"Ракетна атака поцілила в об'єкти транспорту",attack
"Бронетранспортери висунулись у напрямку Попасної",movement
"Фейкове звернення 'українського офіцера' поширюється в мережі",disinfo
"Центр зайнятості пропонує нові вакансії для молоді",neutral
"Повітряний удар вразив склад зброї ворога",attack
"Війська передислокуються з півночі на південний фланг",movement
"Пропаганда стверджує, що мирні жителі вітають окупантів",disinfo
"Мешканці міста організували прибирання річки",neutral
"Ракета поцілила у виробничу зону на сході",attack
"Фіксується накопичення техніки під Лиманом",movement
"РФ заявляє про готовність до 'звільнення всієї України'",disinfo
"У ліцеї стартувала виставка робототехніки",neutral
"Дрон атакував командний пункт у тилу",attack
"Колона вантажівок виїхала з району Шахтарська",movement
"Telegram-канали стверджують, що Україна планує 'вторгнення в Білорусь'",disinfo
"На стадіоні проводиться ремонт трибун",neutral
"Обстріли пошкодили інфраструктуру постачання води",attack
"Ворожі сили переміщуються вздовж лісосмуги біля Кремінної",movement
"З’явилось фейкове відео з 'виходом ЗСУ зі Слов’янська'",disinfo
"У громаді відкрито центр дозвілля для людей похилого віку",neutral
"Повітряна атака пошкодила залізничну станцію на Донеччині",attack
"Особовий склад перекидається на позиції біля Бахмута",movement
"Кремлівські ЗМІ просувають тезу про 'звільнення Києва'",disinfo
"У школі стартував місячник фізичної культури",neutral
"Після удару дронів вибухнули резервуари з пальним у тилу ворога",attack
"Колона техніки перетнула річку біля Кремінної",movement
"Пропагандисти стверджують, що вся війна — це 'театральна постановка'",disinfo
"У школі організували виставку юних художників",neutral
"Повітряний удар зруйнував логістичний вузол в області",attack
"Фіксується активність бронетехніки на південному сході",movement
"Telegram-канали поширюють фейкові списки 'ліквідованих солдатів'",disinfo
"Мешканці висадили квіти біля пам’ятника Тарасу Шевченку",neutral
"Ракета влучила в об'єкт критичної інфраструктури під Запоріжжям",attack
"Колона БТРів рушила в напрямку Новомихайлівки",movement
"Росія звинувачує Україну в блокуванні 'гуманітарних коридорів'",disinfo
"Проведено літературний вечір до ювілею Лесі Українки",neutral
"Ворожа авіація завдала удару по позиціях на лінії фронту",attack
"Передислокація особового складу спостерігається під Краматорськом",movement
"Telegram-канали поширюють відео з підробленими заявами військових",disinfo
"У місті стартувала програма з енергоефективності",neutral
"Артобстріл зруйнував об’єкти цивільної інфраструктури",attack
"Ворожі сили висунулись на північну околицю міста",movement
"Прокремлівські акаунти поширюють фейкові 'накази командування'",disinfo
"На головній вулиці облаштовано нову алею з лавками",neutral
"Серія вибухів пройшла в районі військового складу",attack
"Техніка перекидається залізничним шляхом до східного фронту",movement
"Фейкова карта бойових дій шириться соцмережами",disinfo
"У центрі міста відбувся фестиваль культур народів світу",neutral
"Дрон-камікадзе вразив інфраструктуру енергомережі",attack
"Колона вантажівок рухається трасою Н-20 у бік Авдіївки",movement
"ЗМІ поширюють маніпуляції про 'втому народу від спротиву'",disinfo
"На площі з’явилася інтерактивна мапа туристичних маршрутів",neutral
"Артилерія обстріляла позиції поблизу Курахового",attack
"Спостерігається рух бойових машин через залізничний міст",movement
"Поширюють неправдиву інформацію про 'розпад коаліції підтримки'",disinfo
"У місцевій школі почався тиждень науки",neutral
"Ракетний удар пошкодив об’єкти логістики біля Нікополя",attack
"Підрозділи противника змінили позиції у напрямку Вугледара",movement
"Пропагандисти стверджують, що Україна 'створена штучно'",disinfo
"У містечку відкрили скейт-парк",neutral
"Внаслідок атаки зруйновано склад з озброєнням",attack
"Колона танків наближається до району Бахмута",movement
"Telegram-канали стверджують, що ЗСУ відмовляються воювати",disinfo
"Відбувся регіональний фестиваль творчої молоді",neutral
"Повітряна атака пошкодила об’єкти зв’язку",attack
"Особовий склад передислокується в районі Оріхова",movement
"Російські ЗМІ вигадують фейкові подяки мешканців з 'визволених' міст",disinfo
"У музеї стартувала виставка історії гончарства",neutral
"Дрон атакував склади пального біля залізничного вузла",attack
"Перекидання військової техніки фіксується на півдні",movement
"З'явилася неправдива інформація про введення воєнного стану в ЄС",disinfo
"Школярі створили екологічну інсталяцію у дворі ліцею",neutral
"Ракетний удар зруйнував житлову багатоповерхівку",attack
"Колона техніки рухається через міст поблизу Лиману",movement
"Пропаганда стверджує, що НАТО веде війну руками України",disinfo
"У місті відкрили кав’ярню з книжковою бібліотекою",neutral
"Обстріл наніс пошкодження об'єкту критичної енергетики",attack
"Фіксується ротація бронетехніки на передовій",movement
"Telegram-канали публікують фото з інсценованими 'мирними мітингами'",disinfo
"У громаді організували спортивні змагання серед молоді",neutral
"Дрони атакували об'єкти транспорту в районі вокзалу",attack
"Бойова техніка перетинає тимчасовий міст біля Куп’янська",movement
"Пропагандисти заявляють, що українці самі просять про окупацію",disinfo
"Центр зайнятості проводить ярмарок вакансій",neutral
"Ракетна атака пошкодила підстанцію у Дніпропетровській області",attack
"Ворожі підрозділи передислоковуються поблизу Авдіївки",movement
"Росія заявляє, що Україна веде 'генетичні експерименти' — фейк",disinfo
"У міському парку відкрилась зона для пікніків",neutral
"Дрони вразили об'єкт військової логістики на Донбасі",attack
"Техніка РФ переміщується в напрямку Торецька",movement
"Telegram-канали поширюють 'листівки' з фейковими зверненнями від командування",disinfo
"Відбувся ярмарок місцевих виробників біля ратуші",neutral
"Артилерія противника зруйнувала підстанцію на сході",attack
"Колона вантажівок із пальним прямує до лінії фронту",movement
"Пропаганда стверджує, що ЗСУ примушують селян здавати хати для армії",disinfo
"На вихідних відкриється нова виставка сучасної фотографії",neutral
"Ракета поцілила у залізничний вузол під Лозовою",attack
"Техніка висувається з району Сватового до півдня",movement
"ЗМІ РФ стверджують, що ЗСУ 'окупували' схід України",disinfo
"У школі організували день вишиванки",neutral
"Авіаудар пошкодив об'єкти водозабору в прифронтовому місті",attack
"Бронетехніка маневрує на західному напрямку",movement
"РосЗМІ публікують фальшиві свідчення 'місцевих жителів'",disinfo
"Музей проводить інтерактивні екскурсії для дітей",neutral
"Дрони атакували військовий ангар у тилу противника",attack
"Спостерігається переміщення САУ у напрямку Запоріжжя",movement
"Фейкові акаунти в соцмережах масово поширюють паніку",disinfo
"У місті пройшов концерт пам’яті Квітки Цісик",neutral
"Повідомляють про влучання по об'єктах енергетики на Чернігівщині",attack
"Колона танків залишила територію бази під Луганськом",movement
"Telegram-канали просувають тезу про 'розкол у ЗСУ'",disinfo
"На площі встановили тематичну інсталяцію до Дня прапора",neutral
"Артилерійський обстріл вивів з ладу теплоцентраль",attack
"Підрозділи РФ просуваються через лісову смугу під Лиманом",movement
"Кремлівські ЗМІ заявляють про 'братню допомогу українцям'",disinfo
"У місті відкрито нову станцію метро",neutral
"Дрон-камікадзе атакував склад боєприпасів під Мелітополем",attack
"ЗС РФ передислокують сили в напрямку Маріуполя",movement
"Пропаганда створює ілюзію масової підтримки 'референдумів'",disinfo
"У громаді стартував творчий табір для дітей",neutral
"Ворожа ракета влучила у під’їзд житлового будинку",attack
"Колона БТРів помічена біля промзони в районі Часового Яру",movement
"ЗМІ РФ публікують фальшиві інтерв'ю 'українських полонених'",disinfo
"На вихідних проходитиме турнір з тенісу",neutral
"Повітряна атака зруйнувала логістичну інфраструктуру у тилу",attack
"Військові частини передислоковано ближче до передової",movement
"Пропагандистські сайти стверджують, що ЗСУ створюють 'табори катувань'",disinfo
"У місцевій бібліотеці розпочалася серія вечорів живої поезії",neutral
"Обстріл складу з продовольством спричинив масштабну пожежу",attack
"Сили супротивника вирушили з району Токмака",movement
"Telegram-канали поширюють фейки про 'внутрішній розпад України'",disinfo
"У місті відкрилася галерея сучасного живопису",neutral
"Безпілотники атакували об'єкт радіозв'язку під Костянтинівкою",attack
"Колона з інженерною технікою вирушила на південь",movement
"Пропаганда зображає біженців як 'жертв ЗСУ'",disinfo
"На ярмарку виступали фольклорні колективи з різних областей",neutral
"Ракета зруйнувала частину об'єктів енергоінфраструктури",attack
"Ворожа піхота висувається в напрямку Сіверська",movement
"РосЗМІ розповсюджують нісенітниці про 'роззброєну армію України'",disinfo
"У центрі працює безкоштовний кіномайданчик під відкритим небом",neutral
"Масований удар поцілив у центр зв’язку в тилу",attack
"Бронетехніка РФ зафіксована поблизу позицій ЗСУ",movement
"Фейкові сторінки українських батальйонів розганяють дезінформацію",disinfo
"У школі почалась акція зі збору книжок для фронту",neutral
"Вибух пошкодив об'єкти нафтогазової інфраструктури",attack
"Рух колони помічено поблизу траси під Соледаром",movement
"Telegram-канали вигадують історії про 'мародерство ЗСУ'",disinfo
"Відкрилась виставка про українську культуру у Європі",neutral
"У ніч на понеділок зафіксовано серію вибухів у районі критичної інфраструктури поблизу Краматорська — ймовірно, внаслідок удару дронів",attack
"Рух кількох транспортних колон помічено на схід від Лиману: частина бронетехніки маскується лісосмугою, решта — під прикриттям цивільного транспорту",movement
"Telegram-канали, пов'язані з російською пропагандою, повідомляють, що начебто українські військові обстріляли евакуаційний автобус, — жодного підтвердження від офіційних джерел немає",disinfo
"Попри дощ і сильний вітер, у місті відбулося відкриття культурного сезону: оркестр виступав просто неба, а діти запускали повітряні змії",neutral
"Військові спостерігачі повідомляють про зміну тактики: ворожі БПЛА тепер застосовуються переважно вночі та парами для обходу ППО",movement
"У результаті цілеспрямованого артобстрілу зруйновано трансформаторну станцію, що живила кілька населених пунктів на півдні регіону",attack
"Інформаційні ресурси РФ поширюють твердження, що 'ЗСУ відмовляються від Харкова на користь Заходу', посилаючись на анонімні джерела без жодних доказів",disinfo
"У музеї одночасно відкрито три експозиції: археологія, сучасне мистецтво та віртуальна реальність — відвідувачі можуть пройти інтерактивний маршрут",neutral
"Останні супутникові знімки свідчать про активну підготовку траншейної лінії в районі Соледара — ймовірно, для фіксації нових позицій противника",movement
"У результаті нічного обстрілу пошкоджено трансформатор під Харковом",attack
"Колона вантажівок рухається трасою в напрямку Лимана",movement
"Росія заявляє, що мирні жителі просять про окупацію",disinfo
"У центрі міста проходить гастрономічний фестиваль",neutral
"Повідомляють про удари по об'єктах зв'язку у Миколаєві",attack
"Бойова техніка противника зосереджується на південному напрямку",movement
"Telegram-канали стверджують, що ЗСУ готують удар по цивільних",disinfo
"У бібліотеці відбувся вечір поезії",neutral
"Дрон уразив будівлю логістичного складу поблизу фронту",attack
"Спостерігається ротація військових у районі Авдіївки",movement
"Кремлівські ЗМІ стверджують, що Київ 'власноруч зриває мирні угоди'",disinfo
"У громаді проводять тренінги з цифрової безпеки",neutral
"Ворожа артилерія обстріляла промислову зону під Лисичанськом",attack
"Фіксується активність бронетехніки біля Курахового",movement
"Прокремлівські акаунти стверджують, що Україна 'фактично капітулювала'",disinfo
"На площі працює ярмарок із виробами народного мистецтва",neutral
"Дрони атакували об'єкти постачання пального на сході",attack
"Військові колони залишають околиці Бахмута",movement
"РФ поширює інформацію, що українці 'добровільно приєднуються до армії РФ'",disinfo
"У місті встановили святкову ілюмінацію до Дня прапора",neutral
"Артилерійський вогонь пошкодив житловий сектор у Мар’їнці",attack
"Колона техніки з'явилась на північному фланзі",movement
"Telegram-канали публікують нібито 'звернення' від імені командування ЗСУ",disinfo
"На території школи оновлено спортивний майданчик",neutral
"Ракетний удар поцілив в об'єкт водопостачання в тилу",attack
"ЗС РФ здійснюють перегрупування в районі Кремінної",movement
"Пропагандисти повідомляють, що 'ЗСУ залишили Харків без бою'",disinfo
"У місті пройшов концерт до Дня незалежності",neutral
"Дрон-камікадзе пошкодив ангар із технікою на південному напрямку",attack
"Бронетехніка супротивника перекидається з півночі",movement
"Нічна серія ударів по об’єктах енергетики призвела до часткового знеструмлення трьох районів — офіційно відповідальність не підтверджена",attack
"У нічному відео з дронів видно колону техніки, яка рухається під захистом туману крізь лісову зону, ймовірно в напрямку Сіверська",movement
"Прокремлівські медіа заявляють, що українські військові 'інсценують обстріли' задля звинувачень Росії — доказів не надано",disinfo
"У центрі міста встановлено інсталяцію, присвячену спільному історичному спадку, з використанням доповненої реальності",neutral
"Ракета, імовірно типу 'Іскандер', уразила об’єкт електропостачання, пошкодивши підстанцію і резервні лінії одночасно",attack
"Після ротації особового складу помітно змінилась конфігурація техніки біля Куп’янська — аналітики припускають зміщення акценту наступу",movement
"ЗМІ РФ поширюють заяви, що 'військові США перебувають на передовій під українською формою' — інформація без перевірених джерел",disinfo
"Культурний центр організував одночасно експозицію з живопису, музики та робототехніки у відреставрованій синагозі",neutral
"Аналіз слідів вибухів вказує на використання касетного боєприпасу поблизу енергетичного вузла — характерне поєднання руйнувань та опіків",attack
"Піші підрозділи супротивника рухаються розосереджено з підтримкою БПЛА, уникаючи відкритих маршрутів",movement
"Telegram-канали з прокремлівських кіл публікують розслідування, в якому стверджується, що 'ЗСУ підміняє втрати фіктивними звітами'",disinfo
"У місті стартував фестиваль аудіовізуального мистецтва із залученням українських, грузинських та польських колективів",neutral
"Масштабний обстріл за декілька хвиль призвів до обвалення конструкцій одразу на трьох енергетичних об’єктах у регіоні",attack
"Колона з мінометами та тиловими засобами супроводу розміщена у смузі річкового лісу між Бахмутом і Сіверськом",movement
"Telegram-канали з російських джерел повідомляють, що українці начебто масово здають позиції — без жодних супровідних фото чи відео",disinfo
"У громаді презентували мобільний культурний хаб: виставкова платформа на базі переобладнаного тролейбуса",neutral
"Вибухова хвиля пошкодила одразу кілька ліній живлення, дрони атакували з півночі, уникаючи виявлення ППО",attack
"Військова логістика противника переміщується ночами: супутникові знімки виявили теплові сліди колон без прямої візуалізації",movement
"Російські джерела стверджують, що США платять українським біженцям за антиросійські відео — доказів немає",disinfo
"У будинку культури проходить вечір експериментального театру з глядачами у VR-окулярах",neutral
"Попри відсутність офіційного підтвердження, мешканці повідомляють про вибухи біля промислової зони на півночі Харкова",attack
"Декілька одиниць важкої техніки противника з’явилися на позиціях, раніше залишених, що може вказувати на зміну тактики",movement
"Проросійські ресурси стверджують, що Україна продає західну зброю на чорному ринку в Африці — офіційно це не підтверджено",disinfo
"У рамках ініціативи культурної інтеграції відкрито міжрегіональну мистецьку програму за участю молоді з різних областей",neutral
"Внаслідок обстрілів зруйновано стратегічний об'єкт водопостачання, що забезпечував 30% регіону — відновлення триває",attack
"Фіксується активне перекидання піхоти противника через понтонну переправу з підтримкою БПЛА",movement
"Канали поширюють нібито кадри з полоненими ЗСУ, на яких видно погано змонтовану сцену з невідповідною формою",disinfo
"Відбувся спільний воркшоп митців і ветеранів із створення вуличних інсталяцій у напівзруйнованому приміщенні міського театру",neutral
"Удари дронів поцілили в резервні лінії електропостачання, створивши каскадне знеструмлення двох населених пунктів",attack
"Підрозділи РФ змінили маршрут: замість прямого просування рухаються обхідними стежками вздовж лісосмуг",movement
"Російські джерела стверджують, що українці самі підпалюють склади для отримання гуманітарної допомоги",disinfo
"У музеї експонуються предмети, евакуйовані з прифронтових територій, із супроводженням аудіогіда в трьох мовах",neutral
"Місцеві жителі повідомляють про удари по мостах через Сіверський Донець — офіційна інформація з'явиться пізніше",attack
"Колона техніки пересувається з використанням цивільного транспорту та без фар, уникаючи виявлення",movement
"Кремлівські ЗМІ публікують заяви про 'штучну мобілізацію студентів' — однак не надають доказів",disinfo
"Бібліотека створила простір для інтерактивної історичної реконструкції, де діти можуть 'пережити' окремі етапи минулого",neutral
"Після обстрілу об’єкта ППО чутно серію вторинних вибухів, ймовірно, через детонування запасних боєприпасів",attack
"У тилу зафіксовано зростання активності транспортування через залізничні вузли — можлива підготовка перегрупування",movement
"ЗМІ стверджують, що НАТО вимагає від України наступу всупереч оборонним планам — посилання не наведено",disinfo
"Громадський простір біля будинку культури адаптовано для потреб людей з інвалідністю у партнерстві з місцевими волонтерами",neutral
"Ракетний обстріл пошкодив комунікаційний вузол, що обслуговував частину військових каналів зв’язку",attack
"Останні знімки з дронів свідчать про зміну геометрії окопів — підрозділи рухаються до флангів основного угрупування",movement
"Telegram-канали публікують звернення людей у формі, які називають себе 'колишніми ЗСУ', але їх особистості не підтверджено",disinfo
"Місто відкрило перший мобільний кінозал на базі переобладнаного шкільного автобуса",neutral
"Унаслідок атаки зруйновано кілька резервних трансформаторів — відновлення триватиме щонайменше три доби",attack
"Відео з супутника свідчить про поступове нарощування військової присутності на східному фланзі",movement
"Деякі ресурси стверджують, що Україна спеціально затягує війну задля отримання більше допомоги — позиція без підтвердження",disinfo
"У читальній залі бібліотеки запрацювала тиха зона з сенсорними столами для невеликих дослідницьких груп",neutral
"Вибух у районі залізничної станції мав потужність, що пошкодила щонайменше три колії та логістичні навантажувачі",attack
"Ротаційне переміщення підрозділів супроводжується висуванням техніки під прикриттям ночі",movement
"Російські медіа стверджують, що ЗСУ використовують хворих дітей як прикриття — черговий інформаційний фейк",disinfo
"У культурному центрі відбувся перформанс із симуляцією евакуації у форматі інтерактивної гри для дітей",neutral
"Після масованого ракетного удару виникла серія пожеж на складах з боєприпасами",attack
"Колона з артилерією та логістичним супроводом прямує через лісову смугу вздовж річки",movement
"Пропагандистські сторінки поширюють меседж, що 'українці самі обстрілюють Донбас', не навівши жодних фактів",disinfo
"У середмісті відкрили пересувну виставку з предметами зруйнованих шкіл прифронтових районів",neutral
"Кілька дронів атакували трансформаторну станцію вночі, викликавши аварійне відключення електропостачання",attack
"Ворог змінив напрямок висування і тепер обминає основні дороги, використовуючи сільські маршрути",movement
"Telegram-канали публікують відео, на якому озброєні люди у формі ЗСУ 'здаються' — однак локація не верифікована",disinfo
"У міському парку встановили інтерактивну мапу міграції птахів, розроблену спільно з орнітологами",neutral
"Серія вибухів пролунала в районі вузла зв'язку, що забезпечував оперативний контроль тилових районів",attack
"Переміщення колони з боку Сватового фіксується зі зміненою маршрутизацією і супроводом БПЛА",movement
"Прокремлівські ресурси заявляють про 'переходи підрозділів ЗСУ на бік РФ' — жодних доказів надано не було",disinfo
"У виставковому залі відкрилась ретроспектива українського кіноплаката 60–80-х років",neutral
"Вибух у глибокому тилу ймовірно пов’язаний із ударом дронів по резервній логістиці",attack
"Бронетехніка рухається невеликими групами з поділом за типом — очевидно, задля уникнення фіксації",movement
"ЗМІ РФ розповсюджують повідомлення про 'табори для зомбування дітей' на підконтрольній Україні території",disinfo
"У міській філармонії відбулась відкрита репетиція симфонічного оркестру із залученням глядачів",neutral
"Детонація під час обстрілу на нафтобазі спричинила зараження ґрунту — екологічні групи фіксують наслідки",attack
"Після ракетної атаки в районі Мелітополя постраждала енергетична інфраструктура",attack
"Бойова техніка супротивника фіксується на під'їздах до лінії фронту поблизу Слов’янська",movement
"Telegram-канали поширюють заяви, що ЗСУ планують провокації проти мирного населення",disinfo
"У парку встановили нову алею з ліхтарями на сонячних панелях",neutral
"Обстріли пошкодили об’єкти водопостачання поблизу Нікополя",attack
"Фіксується переміщення колон вантажівок у південному напрямку",movement
"Деякі ресурси повідомляють, що НАТО нібито керує українськими підрозділами безпосередньо",disinfo
"У бібліотеці відкрився дитячий клуб для молодших школярів",neutral
"Удар дронами пошкодив об’єкти ППО в тиловому районі",attack
"Бронетехніка рухається польовими дорогами на схід від Куп’янська",movement
"Росія заявляє, що ЗСУ свідомо обстрілюють власні склади — доказів не надано",disinfo
"У місті стартувала програма з урбаністичних досліджень для підлітків",neutral
"Внаслідок масованого обстрілу на сході зруйновано логістичний вузол",attack
"Підрозділи супротивника перегруповуються в районі Лиману",movement
"Російські ЗМІ звинувачують Україну в поширенні вірусу через БПЛА",disinfo
"Організовано пішу екскурсію для гостей із сусідньої області",neutral
"Серія ударів пошкодила трансформатори та лінії зв’язку у прифронтовій зоні",attack
"Фіксується ротація особового складу супротивника на заході Донеччини",movement
"Пропагандисти стверджують, що українські бійці 'тікають' із позицій — відео неавтентичне",disinfo
"На вихідних у місті відбудеться фестиваль крафтових продуктів",neutral
"Артилерійський обстріл призвів до перебоїв у подачі електроенергії",attack
"Бронетранспортери супротивника зосереджені поблизу трас у напрямку Авдіївки",movement
"ЗМІ РФ розповсюджують повідомлення про нібито втрати ЗСУ в десятках тисяч",disinfo
"У центрі культури організовано майстерку для дітей переселенців",neutral
"Ворог завдав удару по складу пального поблизу лінії фронту",attack
"Колона військових вантажівок перетинає міст над річкою Сіверський Донець",movement
"Кремлівські канали стверджують, що в Україні введено 'таємний воєнний стан'",disinfo
"Відбулось відкриття інтерактивного музею для школярів",neutral
"Дрони атакували об'єкт комунікацій поблизу південного фронту",attack
"Підрозділи супротивника зафіксовані поблизу лісової смуги під Кремінною",movement
"РосЗМІ заявляють, що українські військові здаються масово — відео з архіву",disinfo
"Парк оновлено: додано сенсорні таблички для маломобільних груп",neutral
"Ракета влучила в склад гуманітарної допомоги на прифронтовій території",attack
"Фіксується пересування техніки на тлі зміни умов на фронті",movement
"Пропагандисти стверджують, що ЗСУ навмисно атакують цивільних — жодного підтвердження",disinfo
"У центрі міста проходить виставка фотографій українських рятувальників",neutral
"Після нічної атаки на енергетичну структуру відключено декілька сіл",attack
"Колона інженерної техніки прямує в напрямку тилових позицій",movement
"Заявляється, що Україна заборонила святкування Великодня — дезінформація",disinfo
"У школі стартував проект 'Безпечне місто' за участю поліції та волонтерів",neutral
"Авіаудар пошкодив промислові об’єкти в районі Нікополя",attack
"Ворожі сили переміщуються невеликими групами під прикриттям лісу",movement
"Поширюються чутки, що Україна планує застосувати хімічну зброю — джерела відсутні",disinfo
"Відкрилась нова креативна резиденція для митців з прифронтових регіонів",neutral
"Були зафіксовані вибухи у тилу противника, ймовірно внаслідок атаки дронів",attack
"У прифронтових районах зафіксовано ротацію бронетехніки ворога",movement
"Telegram-канали пишуть, що ЗСУ 'запровадили комендантську годину в кожному місті' — фейк",disinfo
"Місто облаштувало нові укриття біля зупинок громадського транспорту",neutral